book	chapter	verse	wlc	lxx	vulg	clem	tr	kjv
Ruth	1	1	וַיְהִי בִּימֵי שְׁפֹט הַשֹּׁפְטִים וַיְהִי רָעָב בָּאָרֶץ וַיֵּלֶךְ אִישׁ מִבֵּית לֶחֶם יְהוּדָה לָגוּר בִּשְׂדֵי מוֹאָב הוּא וְאִשְׁתּוֹ וּשְׁנֵי בָנָיו ׃	ΚΑΙ ἐγένετο ἐν τῷ κρίνειν τοὺς κριτὰς καὶ ἐγένετο λιμὸς ἐν τῆ γῆ· καὶ ἐπορεύθη ἀνὴρ ἀπὸ Βαιθλέεμ τῆς ᾿Ιούδα τοῦ παροικῆσαι ἐν ἀγρῷ Μωάβ, αὐτὸς καὶ ἡ γυνὴ αὐτοῦ καὶ οἱ υἱοὶ αὐτοῦ.	in diebus unius iudicis quando iudices praeerant facta est fames in terra abiitque homo de Bethleem Iuda ut peregrinaretur in regione moabitide cum uxore sua ac duobus liberis	In diebus unius judicis, quando judices prerant, facta est fames in terra. Abiitque homo de Bethlehem Juda, ut peregrinaretur in regione Moabitide cum uxore sua ac duobus liberis.		Now it came to pass in the days when the judges ruled, that there was a famine in the land. And a certain man of Bethlehemjudah went to sojourn in the country of Moab, he, and his wife, and his two sons.
Ruth	1	2	וְשֵׁם הָאִישׁ אֱלִימֶלֶךְ וְשֵׁם אִשְׁתּוֹ נָעֳמִי וְשֵׁם שְׁנֵי־בָנָיו מַחְלוֹן וְכִלְיוֹן אֶפְרָתִים מִבֵּית לֶחֶם יְהוּדָה וַיָּבֹאוּ שְׂדֵי־מוֹאָב וַיִּהְיוּ־שָׁם ׃	καὶ ὄνομα τῷ ἀνδρὶ ᾿Αβειμέλεχ, καὶ ὄνομα τοῖς δυσὶν υἱοῖς αὐτοῦ Μααλὼν καὶ ών, ᾿Εφραθαῖοι ἐκ Βαιθλέεμ τῆς Ἰούδα· καὶ ἥλθοσαν εἰς ἀγρὸν καὶ ἦσαν ἐκεῖ.	ipse vocabatur Helimelech uxor eius Noemi e duobus filiis alter Maalon et alter Chellion Ephrathei de Bethleem Iuda ingressique regionem moabitidem morabantur ibi	Ipse vocabatur Elimelech, et uxor ejus Nomi: et duo filii, alter Mahalon, et alter Chelion, Ephrathi de Bethlehem Juda. Ingressique regionem Moabitidem, morabantur ibi.		And the name of the man was Elimelech, and the name of his wife Naomi, and the name of his two sons Mahlon and Chilion, Ephrathites of Bethlehemjudah. And they came into the country of Moab, and continued there.
Ruth	1	3	וַיָּמָת אֱלִימֶלֶךְ אִישׁ נָעֳמִי וַתִּשָּׁאֵר הִיא וּשְׁנֵי בָנֶיהָ ׃	καὶ ἀπέθανεν ᾿Αβειμέλεχ ὁ ἀνὴρ τῆς Νωεμείν, καὶ κατελείφθη αὕτη καὶ οἱ δύο υἱοὶ αὐτῆς.	et mortuus est Helimelech maritus Noemi remansitque ipsa cum filiis	Et mortuus est Elimelech maritus Nomi: remansitque ipsa cum filiis.		And Elimelech Naomi's husband died; and she was left, and her two sons.
Ruth	1	4	וַיִּשְׂאוּ לָהֶם נָשִׁים מֹאֲבִיּוֹת שֵׁם הָאַחַת עָרְפָּה וְשֵׁם הַשֵּׁנִית רוּת וַיֵּשְׁבוּ שָׁם כְּעֶשֶׂר שָׁנִים ׃	καὶ ἐλάβοσαν ἑαυτοῖς γυναῖκας Μωαβείτιδας· ὄνομα τῇ μιᾷ ᾿Ορφά, καὶ ὄνομα τῇ δευτέρᾳ ῾Ρούθ· καὶ κατῴκησαν ἐκεῖ ὡς δέκα ἔτη.	qui acceperunt uxores moabitidas quarum una vocabatur Orpha altera Ruth manseruntque ibi decem annis	Qui acceperunt uxores Moabitidas, quarum una vocabatur Orpha, altera vero Ruth. Manseruntque ibi decem annis,		And they took them wives of the women of Moab; the name of the one was Orpah, and the name of the other Ruth: and they dwelled there about ten years.
Ruth	1	5	וַיָּמוּתוּ גַם־שְׁנֵיהֶם מַחְלוֹן וְכִלְיוֹן וַתִּשָּׁאֵר הָאִשָּׁה מִשְּׁנֵי יְלָדֶיהָ וּמֵאִישָׁהּ ׃	καὶ ἀπέθανον καί γε ἀμφότεροι, Μααλὼν καὶ Χελαιών· καὶ κατελείφθη ἡ γυνὴ ἀπὸ τοῦ ἀνδρὸς αὐτῆς καὶ ἀπὸ τῶν δύο υἱῶν αὐτῆς.	et ambo mortui sunt Maalon videlicet et Chellion remansitque mulier orbata duobus liberis ac marito	et ambo mortui sunt, Mahalon videlicet et Chelion: remansitque mulier orbata duobus liberis ac marito.		And Mahlon and Chilion died also both of them; and the woman was left of her two sons and her husband.
Ruth	1	6	וַתָּקָם הִיא וְכַלֹּתֶיהָ וַתָּשָׁב מִשְּׂדֵי מוֹאָב כִּי שָׁמְעָה בִּשְׂדֵה מוֹאָב כִּי־פָקַד יְהוָה אֶת־עַמּוֹ לָתֵת לָהֶם לָחֶם ׃	Καὶ ἀνέστη αὕτη καὶ αἱ δύο νύμφαι αὐτῆς καὶ ἀπέστρεψαν ἐξ ἀγροῦ Μωάβ, ὅτι ἤκουσαν ἐν ἀγρῷ Μωὰβ ὅτι ᾿Επέσκεπται Κύριος τὸν λαὸν αὐτοῦ, δοῦναι αὐτοῖς ἄρτους.	et surrexit ut in patriam pergeret cum utraque nuru sua de regione moabitide audierat enim quod respexisset Dominus populum suum et dedisset eis escas	Et surrexit ut in patriam pergeret cum utraque nuru sua de regione Moabitide: audierat enim quod respexisset Dominus populum suum, et dedisset eis escas.		Then she arose with her daughters in law, that she might return from the country of Moab: for she had heard in the country of Moab how that the Lord had visited his people in giving them bread.
Ruth	1	7	וַתֵּצֵא מִן־הַמָּקוֹם אֲשֶׁר הָיְתָה־שָׁמָּה וּשְׁתֵּי כַלֹּתֶיהָ עִמָּהּ וַתֵּלַכְנָה בַדֶּרֶךְ לָשׁוּב אֶל־אֶרֶץ יְהוּדָה ׃	καὶ ἐξῆλθεν ἐκ τοῦ τόπου οὗ ἦν ἐκεῖ, καὶ αἱ δύο νύμφαι αὐτῆς μετ᾿ αὐτῆς· καὶ ἐπορεύοντο ἐν τῇ ὁδῷ τοῦ ἐπιστρέψαι εἰς τὴν γῆν Ἰούδα.	egressa est itaque de loco peregrinationis suae cum utraque nuru et iam in via posita revertendi in terram Iuda	Egressa est itaque de loco peregrinationis su, cum utraque nuru: et jam in via revertendi posita in terram Juda,		Wherefore she went forth out of the place where she was, and her two daughters in law with her; and they went on the way to return unto the land of Judah.
Ruth	1	8	וַתֹּאמֶר נָעֳמִי לִשְׁתֵּי כַלֹּתֶיהָ לֵכְנָה שֹּׁבְנָה אִשָּׁה לְבֵית אִמָּהּ יַעֲשֶׂה יְהוָה עִמָּכֶם חֶסֶד כַּאֲשֶׁר עֲשִׂיתֶם עִם־הַמֵּתִים וְעִמָּדִי ׃	καὶ εἶπεν Νωεμεὶν ταῖς νύμφαις αὐτῆς Πορεύεσθε δή, ἀποστράφητε ἑκάστη εἰς οἶκον μητρὸς αὐτῆς· ποιήσαι κύριος μεθ’ ὑμῶν ἔλεος, καθὼς ἐποιήσατε μετὰ τῶν τεθνηκότων καὶ μετ’ ἐμοῦ·	dixit ad eas ite in domum matris vestrae faciat Dominus vobiscum misericordiam sicut fecistis cum mortuis et mecum	dixit ad eas: Ite in domum matris vestr: faciat vobiscum Dominus misericordiam, sicut fecistis cum mortuis, et mecum.		And Naomi said unto her two daughters in law, Go, return each to her mother's house: the Lord deal kindly with you, as ye have dealt with the dead, and with me.
Ruth	1	9	יִתֵּן יְהוָה לָכֶם וּמְצֶאןָ מְנוּחָה אִשָּׁה בֵּית אִישָׁהּ וַתִּשַּׁק לָהֶן וַתִּשֶּׂאנָה קוֹלָן וַתִּבְכֶּינָה ׃	δῴη κύριος ὑμῖν καὶ εὕροιτε ἀνάπαυσιν, ἑκάστη ἐν οἴκῳ ἀνδρὸς αὐτῆς. καὶ κατεφίλησεν αὐτάς· καὶ ἐπῆραν τὴν φωνὴν αὐτῶν καὶ ἔκλαυσαν.	det vobis invenire requiem in domibus virorum quos sortiturae estis et osculata est eas quae elevata voce flere coeperunt	Det vobis invenire requiem in domibus virorum quos sortitur estis. Et osculata est eas. Qu elevata voce flere cperunt,		The Lord grant you that ye may find rest, each of you in the house of her husband. Then she kissed them; and they lifted up their voice, and wept.
Ruth	1	10	וַתֹּאמַרְנָה־לָּהּ כִּי־אִתָּךְ נָשׁוּב לְעַמֵּךְ ׃	καὶ εἶπαν αὐτῇ Μετὰ σοῦ ἐπιστρέφομεν εἰς τὸν λαόν σου.	et dicere tecum pergemus ad populum tuum	et dicere: Tecum pergemus ad populum tuum.		And they said unto her, Surely we will return with thee unto thy people.
Ruth	1	11	וַתֹּאמֶר נָעֳמִי שֹׁבְנָה בְנֹתַי לָמָּה תֵלַכְנָה עִמִּי הַעוֹד־לִי בָנִים בְּמֵעַי וְהָיוּ לָכֶם לַאֲנָשִׁים ׃	καὶ εἶπεν Νωεμείν ᾿Επιστράφητε δή, θυγατέρες μου· καὶ ἵνα τί πορεύεσθε μετ’ ἑ μοῦ ; μὴ ἔτι μοι υἱοὶ ἐν τῇ κοιλίᾳ μου, καὶ ἔσονται ὑμίν εἰς ἄνδρας;	quibus illa respondit revertimini filiae mi cur venitis mecum num ultra habeo filios in utero meo ut viros ex me sperare possitis	Quibus illa respondit: Revertimini, fili me, cur venitis mecum? num ultra habeo filios in utero meo, ut viros ex me sperare possitis?		And Naomi said, Turn again, my daughters: why will ye go with me? are there yet any more sons in my womb, that they may be your husbands?
Ruth	1	12	שֹׁבְנָה בְנֹתַי לֵכְןָ כִּי זָקַנְתִּי מִהְיוֹת לְאִישׁ כִּי אָמַרְתִּי יֶשׁ־לִי תִקְוָה גַּם הָיִיתִי הַלַּיְלָה לְאִישׁ וְגַם יָלַדְתִּי בָנִים ׃	ἐπιστράφητε δή, θυγατέρες μου, διότι γεγήρακα τοῦ μὴ εἶναι ἀνδρί· ὅτι εἶπα ὅτι ἔστιν μοι ὑπόστασις τοῦ γενηθῆναί με ἀνδρὶ καὶ τέξομαι υἱούς,	revertimini filiae mi abite iam enim senectute confecta sum nec apta vinculo coniugali etiam si possem hac nocte concipere et parere filios	Revertimini, fili me, et abite: jam enim senectute confecta sum, nec apta vinculo conjugali: etiamsi possem hac nocte concipere, et parere filios,		Turn again, my daughters, go your way; for I am too old to have an husband. If I should say, I have hope, if I should have an husband also to night, and should also bear sons;
Ruth	1	13	הֲלָהֵן תְּשַׂבֵּרְנָה עַד אֲשֶׁר יִגְדָּלוּ הֲלָהֵן תֵּעָגֵנָה לְבִלְתִּי הֱיוֹת לְאִישׁ אַל בְּנֹתַי כִּי־מַר־לִי מְאֹד מִכֶּם כִּי־יָצְאָה בִי יַד־יְהוָה ׃	μὴ αὐτοὺς προσδέξεσθε ἕως οὗ ἁδρυνθῶσιν ; ἢ αὐτοῖς κατασχεθήσεσθε τοῦ μὴ γενέσθαι ἀνδρί; μὴ δὴ θυγατέρες μου, ὅτι ἐπικράνθη μοι ὑπὲρ ὑμᾶς, ὅτι ἐξῆλθεν ἐν ἐμοὶ χεὶρ Κυρίου.	si eos expectare velitis donec crescant et annos impleant pubertatis ante eritis vetulae quam nubatis nolite quaeso filiae mi quia vestra angustia me magis premit et egressa est manus Domini contra me	si eos expectare velitis donec crescant, et annos pubertatis impleant, ante eritis vetul quam nubatis. Nolite, quso, fili me: quia vestra angustia magis me premit, et egressa est manus Domini contra me.		Would ye tarry for them till they were grown? would ye stay for them from having husbands? nay, my daughters; for it grieveth me much for your sakes that the hand of the Lord is gone out against me.
Ruth	1	14	וַתִּשֶּׂנָה קוֹלָן וַתִּבְכֶּינָה עוֹד וַתִּשַּׁק עָרְפָּה לַחֲמוֹתָהּ וְרוּת דָּבְקָה בָּהּ ׃	καὶ ἐπῆραν τὴν φωνὴν αὐτῶν καὶ ἔκλαυσαν ἔτι· καὶ κατεφίλησεν Ορφὰ τὴν πενθερὰν αὐτῆς καὶ ἐπέστρεψεν εἰς τὸν λαὸν αὐτῆς, ῾Ροὺθ δὲ ἠκολούθησεν αὐτῇ.	elevata igitur voce rursum flere coeperunt Orpha osculata socrum est ac reversa Ruth adhesit socrui suae	Elevata igitur voce, rursum flere cperunt: Orpha osculata est socrum, ac reversa est; Ruth adhsit socrui su:		And they lifted up their voice, and wept again: and Orpah kissed her mother in law; but Ruth clave unto her.
Ruth	1	15	וַתֹּאמֶר הִנֵּה שָׁבָה יְבִמְתֵּךְ אֶל־עַמָּהּ וְאֶל־אֱלֹהֶיהָ שׁוּבִי אַחֲרֵי יְבִמְתֵּךְ ׃	καὶ εἶπεν Νωεμεὶν πρός ῾Ρούθ ἰδοὺ ἀνέστρεψεν σύννυμφός σου πρὸς λαὸν αὐτῆς καὶ πρὸς τοὺς θεοὺς αὐτῆς. ἐπιστράφητι δὴ καὶ σὺ ὀπίσω τῆς συννύμφου σου.	cui dixit Noemi en reversa est cognata tua ad populum suum et ad deos suos vade cum ea	cui dixit Nomi: En reversa est cognata tua ad populum suum, et ad deos suos, vade cum ea.		And she said, Behold, thy sister in law is gone back unto her people, and unto her gods: return thou after thy sister in law.
Ruth	1	16	וַתֹּאמֶר רוּת אַל־תִּפְגְּעִי־בִי לְעָזְבֵךְ לָשׁוּב מֵאַחֲרָיִךְ כִּי אֶל־אֲשֶׁר תֵּלְכִי אֵלֵךְ וּבַאֲשֶׁר תָּלִינִי אָלִין עַמֵּךְ עַמִּי וֵאלֹהַיִךְ אֱלֹהָי ׃	εἶπεν δὲ ῾Ρούθ Μὴ ἀπαντήσαι ἐμοὶ τοῦ καταλιπεῖν σε ἡ ἀποστρέψαι ὄπισθέν σου, ὅτι σὺ ὅπου ἐὰν πορευθῇς πορεύσομαι, καἰ οὗ ἐὰν αὐλισθῇς αὐλισθήσομαι. ὁ λαός σου λαός μου, καὶ ὁ θεός σου θεός μου·	quae respondit ne adverseris mihi ut relinquam te et abeam quocumque perrexeris pergam ubi morata fueris et ego pariter morabor populus tuus populus meus et Deus tuus Deus meus	Qu respondit: Ne adverseris mihi ut relinquam te et abeam: quocumque enim perrexeris, pergam, et ubi morata fueris, et ego pariter morabor. Populus tuus populus meus, et Deus tuus Deus meus.		And Ruth said, Intreat me not to leave thee, or to return from following after thee: for whither thou goest, I will go; and where thou lodgest, I will lodge: thy people shall be my people, and thy God my God:
Ruth	1	17	בַּאֲשֶׁר תָּמוּתִי אָמוּת וְשָׁם אֶקָּבֵר כֹּה יַעֲשֶׂה יְהוָה לִי וְכֹה יֹסִיף כִּי הַמָּוֶת יַפְרִיד בֵּינִי וּבֵינֵךְ ׃	καὶ οὗ ἐὰν ἀποθάνῃς ἀποθανοῦμαι, κἀκεῖ ταφήσομαι. τάδε ποιήσαι μοι Κύριος καὶ τάδε προσθείη, ὅτι θάνατος διαστελεῖ ἀνὰ μέσον ἐμοῦ καὶ σοῦ.	quae te morientem terra susceperit in ea moriar ibique locum accipiam sepulturae haec mihi faciat Deus et haec addat si non sola mors me et te separaverit	Qu te terra morientem susceperit, in ea moriar: ibique locum accipiam sepultur. Hc mihi faciat Dominus, et hc addat, si non sola mors me et te separaverit.		Where thou diest, will I die, and there will I be buried: the Lord do so to me, and more also, if ought but death part thee and me.
Ruth	1	18	וַתֵּרֶא כִּי־מִתְאַמֶּצֶת הִיא לָלֶכֶת אִתָּהּ וַתֶּחְדַּל לְדַבֵּר אֵלֶיהָ ׃	ἰδοῦσα δὲ Νωεμεὶν ὅτι κραταιοῦται αὐτὴ τοῦ πορεύεσθαι μετ’ αὐτῆς, ἐκόπασεν τοῦ λαλῆσαι πρὸς αὐτὴν ἔτι	videns ergo Noemi quod obstinato Ruth animo decrevisset secum pergere adversari noluit nec ultra ad suos reditum persuadere	Videns ergo Nomi quod obstinato animo Ruth decrevisset secum pergere, adversari noluit, nec ad suos ultra reditum persuadere:		When she saw that she was stedfastly minded to go with her, then she left speaking unto her.
Ruth	1	19	וַתֵּלַכְנָה שְׁתֵּיהֶם עַד־בֹּאָנָה בֵּית לָחֶם וַיְהִי כְּבֹאָנָה בֵּית לֶחֶם וַתֵּהֹם כָּל־הָעִיר עֲלֵיהֶן וַתֹּאמַרְנָה הֲזֹאת נָעֳמִי ׃	᾿Επορεύθησαν δὲ ἀμφότεραι ἕως τοῦ παραγενέσθαι αὐτὰς εἰς Βαιθλέεμ. καὶ ἤχησεν πᾶσα ἡ πόλις ἐπ’ αὐτῆς, κοὶ εἶπον Αὕτη ἐστὶν Νωεμείν ;	profectaeque sunt simul et venerunt in Bethleem quibus urbem ingressis velox apud cunctos fama percrebuit dicebantque mulieres haec est illa Noemi	profectque sunt simul, et venerunt in Bethlehem. Quibus urbem ingressis, velox apud cunctos fama percrebruit: dicebantque mulieres: Hc est illa Nomi.		So they two went until they came to Bethlehem. And it came to pass, when they were come to Bethlehem, that all the city was moved about them, and they said, Is this Naomi?
Ruth	1	20	וַתֹּאמֶר אֲלֵיהֶן אַל־תִּקְרֶאנָה לִי נָעֳמִי קְרֶאןָ לִי מָרָא כִּי־הֵמַר שַׁדַּי לִי מְאֹד ׃	καὶ εἶπεν πρὸς αὐτάς Μὴ δὴ καλεῖτέ με Νωεμείν, καλέσατέ με πικράν, ὅτι ἐπικράνθη ἐν ἐμοὶ ὁ ἱκανὸς σφόδρα.	quibus ait ne vocetis me Noemi id est pulchram sed vocate me Mara hoc est amaram quia valde me amaritudine replevit Omnipotens	Quibus ait: Ne vocetis me Nomi (id est, pulchram), sed vocate me Mara (id est, amaram), quia amaritudine valde replevit me Omnipotens.		And she said unto them, Call me not Naomi, call me Mara: for the Almighty hath dealt very bitterly with me.
Ruth	1	21	אֲנִי מְלֵאָה הָלַכְתִּי וְרֵיקָם הֱשִׁיבַנִי יְהוָה לָמָּה תִקְרֶאנָה לִי נָעֳמִי וַיהוָה עָנָה בִי וְשַׁדַּי הֵרַע לִי ׃	ἐγὼ πλήρης ἐπορεύθην, κοὶ κενὴν ἀπέστρεψέν με ὁ κύριος· καὶ ἵνα τί καλεῖτέ με Νωεμείν, καὶ ἐταπείνωσέν με, καὶ ὁ ἱκανὸς ἐκάκωσέν με,.	egressa sum plena et vacuam reduxit me Dominus cur igitur vocatis me Noemi quam humiliavit Dominus et adflixit Omnipotens	Egressa sum plena, et vacuam reduxit me Dominus. Cur ergo vocatis me Nomi, quam Dominus humiliavit, et afflixit Omnipotens?		I went out full and the Lord hath brought me home again empty: why then call ye me Naomi, seeing the Lord hath testified against me, and the Almighty hath afflicted me?
Ruth	1	22	וַתָּשָׁב נָעֳמִי וְרוּת הַמּוֹאֲבִיָּה כַלָּתָהּ עִמָּהּ הַשָּׁבָה מִשְּׂדֵי מוֹאָב וְהֵמָּה בָּאוּ בֵּית לֶחֶם בִּתְחִלַּת קְצִיר שְׂעֹרִים ׃	καὶ ἐπέ Νωεμεὶν καὶ ῾Ροὺθ ἡ Μωαβεῖτις ἡ νύμφη αὐτῆς ἐπιστρέφουσα ἀγροῦ Μωάβ· αὗται δὲ παρεγενήθησαν εἰς Βαιθλέεμ ἐν ἁρχῇ θερισμοῦ κριθῶν.	venit ergo Noemi cum Ruth Moabitide nuru sua de terra peregrinationis suae ac reversa est in Bethleem quando primum hordea metebantur	Venit ergo Nomi cum Ruth Moabitide nuru sua, de terra peregrinationis su: ac reversa est in Bethlehem, quando primum hordea metebantur.		So Naomi returned, and Ruth the Moabitess, her daughter in law, with her, which returned out of the country of Moab: and they came to Bethlehem in the beginning of barley harvest.
Ruth	2	1	וּלְנָעֳמִי מְיֻדָּע לְאִישָׁהּ אִישׁ גִּבּוֹר חַיִל מִמִּשְׁפַּחַת אֱלִימֶלֶךְ וּשְׁמוֹ בֹּעַז ׃	Καὶ τῇ Νωεμεὶν ἀνὴρ γνώριμος τῷ ἀνδρὶ αὐτῆς· ὁ δὲ ἀνὴρ δυνατὸς ἐκ τῆς συγγενίας ᾿Αβειμέλεχ, καὶ ὄνομα αὐτῶ Βόος.	erat autem vir Helimelech consanguineus homo potens et magnarum opum nomine Booz	Erat autem viro Elimelech consanguineus, homo potens, et magnarum opum, nomine Booz.		And Naomi had a kinsman of her husband's, a mighty man of wealth, of the family of Elimelech; and his name was Boaz.
Ruth	2	2	וַתֹּאמֶר רוּת הַמּוֹאֲבִיָּה אֶל־נָעֳמִי אֵלְכָה־נָּא הַשָּׂדֶה וַאֲלַקֳטָה בַשִּׁבֳּלִים אַחַר אֲשֶׁר אֶמְצָא־חֵן בְּעֵינָיו וַתֹּאמֶר לָהּ לְכִי בִתִּי ׃	καὶ ἡ Μωαβεῖτις τοῖς στάχυσιν κατόπισθεν οὗ ἐὰν εὕρω χάριν ἐν ὀφθαλμοῖς αὐτοῦ. εἶπεν δὲ αὐτῇ Πορεύου, θυγάτηρ.	dixitque Ruth Moabitis ad socrum suam si iubes vadam in agrum et colligam spicas quae metentium fugerint manus ubicumque clementis in me patris familias repperero gratiam cui illa respondit vade filia mi	Dixitque Ruth Moabitis ad socrum suam: Si jubes, vadam in agrum, et colligam spicas qu fugerint manus metentium, ubicumque clementis in me patrisfamilias reperero gratiam. Cui illa respondit: Vade, filia mea.		And Ruth the Moabitess said unto Naomi, Let me now go to the field, and glean ears of corn after him in whose sight I shall find grace. And she said unto her, Go, my daughter.
Ruth	2	3	וַתֵּלֶךְ וַתָּבוֹא וַתְּלַקֵּט בַּשָּׂדֶה אַחֲרֵי הַקֹּצְרִים וַיִּקֶר מִקְרֶהָ חֶלְקַת הַשָּׂדֶה לְבֹעַז אֲשֶׁר מִמִּשְׁפַּחַת אֱלִימֶלֶךְ ׃	καὶ ἐπορεύθη, καὶ συνέλεξεν ἐν τῷ ἀγρῷ κατόπισθεν τῶν τῶν θεριζόντων· καὶ περιέπεσεν περιπτώματι τῇ μερίδι τοῦ ἀγροῦ Βόος, τοῦ ἐκ συγγενείας ᾿Αβειμέλεχ·	abiit itaque et colligebat spicas post terga metentium accidit autem ut ager ille haberet dominum Booz qui erat de cognatione Helimelech	Abiit itaque et colligebat spicas post terga metentium. Accidit autem ut ager ille haberet dominum nomine Booz, qui erat de cognatione Elimelech.		And she went, and came, and gleaned in the field after the reapers: and her hap was to light on a part of the field belonging unto Boaz, who was of the kindred of Elimelech.
Ruth	2	4	וְהִנֵּה־בֹעַז בָּא מִבֵּית לֶחֶם וַיֹּאמֶר לַקּוֹצְרִים יְהוָה עִמָּכֶם וַיֹּאמְרוּ לוֹ יְבָרֶכְךָ יְהוָה ׃	Καὶ ἰδοὺ Βόος ἦλθεν ἐκ Βαιθλέεμ καὶ εἶπεν τοῖς θερίζουσιν Κύριος μεθ’ ὑμῶν· κοὶ εἶπον αὐτῷ Εὐλογήσαι σε Κύριος.	et ecce ipse veniebat de Bethleem dixitque messoribus Dominus vobiscum qui responderunt ei benedicat tibi Dominus	Et ecce, ipse veniebat de Bethlehem, dixitque messoribus: Dominus vobiscum. Qui responderunt ei: Benedicat tibi Dominus.		And, behold, Boaz came from Bethlehem, and said unto the reapers, The Lord be with you. And they answered him, The Lord bless thee.
Ruth	2	5	וַיֹּאמֶר בֹּעַז לְנַעֲרוֹ הַנִּצָּב עַל־הַקּוֹצְרִים לְמִי הַנַּעֲרָה הַזֹּאת ׃	καὶ εἶπεν Βόος τῷ παιδαρίῳ αὐτοῦ τῷ ἐφεστῶτι ἐπὶ τοὺς θερίζοντας τίνος ἡ νεᾶνις αὕτη ;	dixitque Booz iuveni qui messoribus praeerat cuius est haec puella	Dixitque Booz juveni, qui messoribus prerat: Cujus est hc puella?		Then said Boaz unto his servant that was set over the reapers, Whose damsel is this?
Ruth	2	6	וַיַּעַן הַנַּעַר הַנִּצָּב עַל־הַקּוֹצְרִים וַיֹּאמַר נַעֲרָה מוֹאֲבִיָּה הִיא הַשָּׁבָה עִם־נָעֳמִי מִשְּׂדֵה מוֹאָב ׃	καὶ ἀπεκρίθη τὸ παιδάριον τὸ ἐφεστὸς ἐπὶ τούς θερίζοντας καὶ εἶπεν Ἡ παῖς ἡ Μωαβεῖτίς ἐστιν, ἡ ἀποστραφεῖσα μετὰ Νωεμεὶν ἐξ ἀγροῦ Μωάβ·	qui respondit haec est Moabitis quae venit cum Noemi de regione moabitide	Cui respondit: Hc est Moabitis, qu venit cum Nomi, de regione Moabitide,		And the servant that was set over the reapers answered and said, It is the Moabitish damsel that came back with Naomi out of the country of Moab:
Ruth	2	7	וַתֹּאמֶר אֲלַקֳטָה־נָּא וְאָסַפְתִּי בָעֳמָרִים אַחֲרֵי הַקּוֹצְרִים וַתָּבוֹא וַתַּעֲמוֹד מֵאָז הַבֹּקֶר וְעַד־עַתָּה זֶה שִׁבְתָּהּ הַבַּיִת מְעָט ׃	καὶ εἶπεν Συλλέξω δὴ καὶ συνάξω ἐν τοῖς δράγμασιν ὄπισθεν τῶν θεριζόντων· καὶ ἦλθεν καὶ ἔστη ἀπὸ πρωίθεν καὶ ἕως ἑσπέρας, οὐ κατέπαυσεν ἐν τῷ ἀγρῷ μικρόν.	et rogavit ut spicas colligeret remanentes sequens messorum vestigia et de mane usque nunc stat in agro et ne ad momentum quidem domum reversa est	et rogavit ut spicas colligeret remanentes, sequens messorum vestigia: et de mane usque nunc stat in agro, et ne ad momentum quidem domum reversa est.		And she said, I pray you, let me glean and gather after the reapers among the sheaves: so she came, and hath continued even from the morning until now, that she tarried a little in the house.
Ruth	2	8	וַיֹּאמֶר בֹּעַז אֶל־רוּת הֲלוֹא שָׁמַעַתְּ בִּתִּי אַל־תֵּלְכִי לִלְקֹט בְּשָׂדֶה אַחֵר וְגַם לֹא תַעֲבוּרִי מִזֶּה וְכֹה תִדְבָּקִין עִם־נַעֲרֹתָי ׃	καὶ εἶπεν Βόος πρὸς ῾Ρούθ οὐκ ἤκουσας, θυγάτηρ; μὴ πορευθῇς ἐν ἀγρῷ συλλέξαι ἑτέρῳ· καὶ σὺ οὐ πορεύσῃ ἐντεῦθεν, ὧδε κολλήθητι μετὰ τῶν κορασίων μου.	et ait Booz ad Ruth audi filia ne vadas ad colligendum in alterum agrum nec recedas ab hoc loco sed iungere puellis meis	Et ait Booz ad Ruth: Audi, filia, ne vadas in alterum agrum ad colligendum, nec recedas ab hoc loco: sed jungere puellis meis,		Then said Boaz unto Ruth, Hearest thou not, my daughter? Go not to glean in another field, neither go from hence, but abide here fast by my maidens:
Ruth	2	9	עֵינַיִךְ בַּשָּׂדֶה אֲשֶׁר־יִקְצֹרוּן וְהָלַכְתְּ אַחֲרֵיהֶן הֲלוֹא צִוִּיתִי אֶת־הַנְּעָרִים לְבִלְתִּי נָגְעֵךְ וְצָמִת וְהָלַכְתְּ אֶל־הַכֵּלִים וְשָׁתִית מֵאֲשֶׁר יִשְׁאֲבוּן הַנְּעָרִים ׃	οἱ ὀφθαλμοί σου εἰς τὸν ἀγρὸν οὗ ἐὰν θερίζωσιν, καὶ πορεύση κατόπισθεν αὐτῶν. ἰδοὺ ἐνετειλάμην τοῖς παιδαρίοις τοῦ μὴ ἅψασθαὶ σου· καὶ ὅ τι διψήσεις, καὶ πορευθήσῃ εἰς τὰ σκεύη καὶ πίεσαι ὅθεν ἀν’ ὑδρεύωνται τὰ παιδάρια.	et ubi messuerint sequere mandavi enim pueris meis ut nemo tibi molestus sit sed etiam si sitieris vade ad sarcinulas et bibe aquas de quibus et pueri bibunt	et ubi messuerint, sequere. Mandavi enim pueris meis, ut nemo molestus sit tibi: sed etiam si sitieris, vade ad sarcinulas, et bibe aquas, de quibus et pueri bibunt.		Let thine eyes be on the field that they do reap, and go thou after them: have I not charged the young men that they shall not touch thee? and when thou art athirst, go unto the vessels, and drink of that which the young men have drawn.
Ruth	2	10	וַתִּפֹּל עַל־פָּנֶיהָ וַתִּשְׁתַּחוּ אָרְצָה וַתֹּאמֶר אֵלָיו מַדּוּעַ מָצָאתִי חֵן בְּעֵינֶיךָ לְהַכִּירֵנִי וְאָנֹכִי נָכְרִיָּה ׃	καὶ ἔπεσεν ἐπὶ πρόσωπον αὐτῆς καὶ προσεκύνησεν ἑ ’πὶ τὴν γῆν, καὶ εἶπεν πρὸς αὐτόν Τί ὅτι εὗρον χάριν ἐν ὀφθαλμοῖς σου τοῦ ἐπιγνῶναί με, καὶ ἐγώ εἰμι ξένη ;	quae cadens in faciem suam et adorans super terram dixit ad eum unde mihi hoc ut invenirem gratiam ante oculos tuos et nosse me dignareris peregrinam mulierem	Qu cadens in faciem suam et adorans super terram, dixit ad eum: Unde mihi hoc, ut invenirem gratiam ante oculos tuos, et nosse me dignareris peregrinam mulierem?		Then she fell on her face, and bowed herself to the ground, and said unto him, Why have I found grace in thine eyes, that thou shouldest take knowledge of me, seeing I am a stranger?
Ruth	2	11	וַיַּעַן בֹּעַז וַיֹּאמֶר לָהּ הֻגֵּד הֻגַּד לִי כֹּל אֲשֶׁר־עָשִׂית אֶת־חֲמוֹתֵךְ אַחֲרֵי מוֹת אִישֵׁךְ וַתַּעַזְבִי אָבִיךְ וְאִמֵּךְ וְאֶרֶץ מוֹלַדְתֵּךְ וַתֵּלְכִי אֶל־עַם אֲשֶׁר לֹא־יָדַעַתְּ תְּמוֹל שִׁלְשׁוֹם ׃	καὶ ἀπεκρίθη Βόοσ καὶ εἶπεν αὐτῇ ᾿Απαγγελίᾳ ἀπηγγέλη μοι ὅσα πεποίηκας μετὰ τῆς πενθερᾶς σου μετὰ τὸ ἀποθανεῖν τὸν ἄνδρα σου, καὶ πῶς κατέλιπες τὸν πατέρα σου καὶ τὴν μητέρα σου καὶ τὴν γῆν γενέσεως σου, καὶ ἐπορεύθης πρὸς λαὸν ὃν οὐκ ᾔδεις ἐχθὲς καὶ τρίτης.	cui ille respondit nuntiata sunt mihi omnia quae feceris socrui tuae post mortem viri tui et quod dereliqueris parentes tuos et terram in qua nata es et veneris ad populum quem ante nesciebas	Cui ille respondit: Nuntiata sunt mihi omnia qu feceris socrui tu post mortem viri tui: et quod reliqueris parentes tuos, et terram in qua nata es, et veneris ad populum, quem antea nesciebas.		And Boaz answered and said unto her, It hath fully been shewed me, all that thou hast done unto thy mother in law since the death of thine husband: and how thou hast left thy father and thy mother, and the land of thy nativity, and art come unto a people which thou knewest not heretofore.
Ruth	2	12	יְשַׁלֵּם יְהוָה פָּעֳלֵךְ וּתְהִי מַשְׂכֻּרְתֵּךְ שְׁלֵמָה מֵעִם יְהוָה אֱלֹהֵי יִשְׂרָאֵל אֲשֶׁר־בָּאת לַחֲסוֹת תַּחַת־כְּנָפָיו ׃	ἀποτίσαι κύριος τὴν ἐργασίαν σου· γένοιτο ὁ μισθός σου πλήρης παρὰ κυρίου θεοῦ ᾿Ισραήλ, πρὸς ὅν ἦλθες πεποιθέναι ὑπὸ τὰς πτέρυγας αὐτοῦ	reddat tibi Dominus pro opere tuo et plenam mercedem recipias a Domino Deo Israhel ad quem venisti et sub cuius confugisti alas	Reddat tibi Dominus pro opere tuo, et plenam mercedem recipias a Domino Deo Isral, ad quem venisti, et sub cujus confugisti alas.		The Lord recompense thy work, and a full reward be given thee of the Lord God of Israel, under whose wings thou art come to trust.
Ruth	2	13	וַתֹּאמֶר אֶמְצָא־חֵן בְּעֵינֶיךָ אֲדֹנִי כִּי נִחַמְתָּנִי וְכִי דִבַּרְתָּ עַל־לֵב שִׁפְחָתֶךָ וְאָנֹכִי לֹא אֶהְיֶה כְּאַחַת שִׁפְחֹתֶיךָ ׃	ἡ δὲ εἶπεν Εὔροιμι χάριν ἐν ὀφθαλμοῖς σου, κύριε, ὅτι παρεκάλεσάς με, καὶ ὅτι ἐλάλησας ἐπὶ καρδίαν τῆς δούλης σου, καὶ ἰδοὺ ἐγὼ ἔσομαι ὡς μία τῶν παιδισκῶν σου.	quae ait inveni gratiam ante oculos tuos domine mi qui consolatus es me et locutus es ad cor ancillae tuae quae non sum similis unius puellarum tuarum	Qu ait: Inveni gratiam apud oculos tuos, domine mi, qui consolatus es me, et locutus es ad cor ancill tu, qu non sum similis unius puellarum tuarum.		Then she said, Let me find favour in thy sight, my lord; for that thou hast comforted me, and for that thou hast spoken friendly unto thine handmaid, though I be not like unto one of thine handmaidens.
Ruth	2	14	וַיֹּאמֶר לָה בֹעַז לְעֵת הָאֹכֶל גֹּשִׁי הֲלֹם וְאָכַלְתְּ מִן־הַלֶּחֶם וְטָבַלְתְּ פִּתֵּךְ בַּחֹמֶץ וַתֵּשֶׁב מִצַּד הַקּוֹצְרִים וַיִּצְבָּט־לָהּ קָלִי וַתֹּאכַל וַתִּשְׂבַּע וַתֹּתַר ׃	καὶ εἶπεν αὐτῇ Βόος Ἤδη ὥρα τοῦ Φαγεῖν, πρόσελθε ὧδε καὶ φάγεσαι τῶν ἄρτων, καὶ βάψεις τὸν ψωμόν σου τῷ ὄξει. καὶ ἐκάθισεν ῾Ροὺθ ἐκ πλαγίων τῶν θεριζόντων· καὶ ἐβούνισεν αὐτῇ Βόος ἄλφιτον, κα ἔφαγεν καὶ ἐνεπλήσθη καὶ κατέλιπεν,	dixitque ad eam Booz quando hora vescendi fuerit veni huc et comede panem et intingue buccellam tuam in aceto sedit itaque ad messorum latus et congessit pulentam sibi comeditque et saturata est et tulit reliquias	Dixitque ad eam Booz: Quando hora vescendi fuerit, veni huc, et comede panem, et intinge buccellam tuam in aceto. Sedit itaque ad messorum latus, et congessit polentam sibi, comeditque et saturata est, et tulit reliquias.		And Boaz said unto her, At mealtime come thou hither, and eat of the bread, and dip thy morsel in the vinegar. And she sat beside the reapers: and he reached her parched corn, and she did eat, and was sufficed, and left.
Ruth	2	15	וַתָּקָם לְלַקֵּט וַיְצַו בֹּעַז אֶת־נְעָרָיו לֵאמֹר גַּם בֵּין הָעֳמָרִים תְּלַקֵּט וְלֹא תַכְלִימוּהָ ׃	καὶ ἀνέστη τοῦ συλλέγειν . καὶ ἐνετείλατο βοὸς τοῖς παιδαρίοις αὐτοῦ λέγων καί γε ἀνὰ μέσον τῶν δραγμάτων συλλεγέτω, καὶ μὴ καταισχύνητε αὐτήν·	atque inde surrexit ut spicas ex more colligeret praecepit autem Booz pueris suis dicens etiam si vobiscum metere voluerit ne prohibeatis eam	Atque inde surrexit, ut spicas ex more colligeret. Prcepit autem Booz pueris suis, dicens: Etiamsi vobiscum metere voluerit, ne prohibeatis eam:		And when she was risen up to glean, Boaz commanded his young men, saying, Let her glean even among the sheaves, and reproach her not:
Ruth	2	16	וְגַם שֹׁל־תָּשֹׁלּוּ לָהּ מִן־הַצְּבָתִים וַעֲזַבְתֶּם וְלִקְּטָה וְלֹא תִגְעֲרוּ־בָהּ ׃	καὶ βαστάζοντες βαστάξατε αὐτῇ, καί γε παραβάλλοντες παραβαλεῖτε ἐκ τῶν βεβουνισμένων· καὶ φάγεται καὶ συλλέξει, καὶ οὐκ ἐπ’ μήσετε αὐτῇ.	et de vestris quoque manipulis proicite de industria et remanere permittite ut absque rubore colligat et colligentem nemo corripiat	et de vestris quoque manipulis projicite de industria, et remanere permittite, ut absque rubore colligat, et colligentem nemo corripiat.		And let fall also some of the handfuls of purpose for her, and leave them, that she may glean them, and rebuke her not.
Ruth	2	17	וַתְּלַקֵּט בַּשָּׂדֶה עַד־הָעָרֶב וַתַּחְבֹּט אֵת אֲשֶׁר־לִקֵּטָה וַיְהִי כְּאֵיפָה שְׂעֹרִים ׃	καὶ συνέλεξεν ἐν τῷ ἀγρῷ ἕως ἑσπέρας, καὶ ἐράβδισεν ἃ συνέλεξεν, καὶ ἐγενήθη ὡς οἰφὶ κριθῶν.	collegit ergo in agro usque ad vesperam et quae collegerat virga caedens et excutiens invenit hordei quasi oephi mensuram id est tres modios	Collegit ergo in agro usque ad vesperam: et qu collegerat virga cdens et excutiens, invenit hordei quasi ephi mensuram, id est, tres modios.		So she gleaned in the field until even, and beat out that she had gleaned: and it was about an ephah of barley.
Ruth	2	18	וַתִּשָּׂא וַתָּבוֹא הָעִיר וַתֵּרֶא חֲמוֹתָהּ אֵת אֲשֶׁר־לִקֵּטָה וַתּוֹצֵא וַתִּתֶּן־לָהּ אֵת אֲשֶׁר־הוֹתִרָה מִשָּׂבְעָהּ ׃	Καὶ καὶ εἰσῆλθεν εἰς τὴν πόλιν· καὶ εἶδεν ἡ πενθερὰ αὐτῆς ἁ καὶ ἐξενέγκασα ῾Ροὺθ ἔδωκεν αὐτῇ ἃ κατέλιπεν ἐξ ὧν ἐνεπλήσθη.	quos portans reversa est in civitatem et ostendit socrui suae insuper protulit et dedit ei de reliquiis cibi sui quo saturata fuerat	Quos portans reversa est in civitatem, et ostendit socrui su: insuper protulit, et dedit ei de reliquiis cibi sui, quo saturata fuerat.		And she took it up, and went into the city: and her mother in law saw what she had gleaned: and she brought forth, and gave to her that she had reserved after she was sufficed.
Ruth	2	19	וַתֹּאמֶר לָהּ חֲמוֹתָהּ אֵיפֹה לִקַּטְתְּ הַיּוֹם וְאָנָה עָשִׂית יְהִי מַכִּירֵךְ בָּרוּךְ וַתַּגֵּד לַחֲמוֹתָהּ אֵת אֲשֶׁר־עָשְׂתָה עִמּוֹ וַתֹּאמֶר שֵׁם הָאִישׁ אֲשֶׁר עָשִׂיתִי עִמּוֹ הַיּוֹם בֹּעַז ׃	καὶ εἶπεν αὐτῇ ἡ πενθερὰ αὐτῆς Ποῦ συνέλεξας σήμερον καὶ ποῦ ἐποίησας; εἴη ὁ ἐπιγνούς σε εὐλογημένος. καὶ ἀνήγγειλεν ῾Ροὺθ τῆ πενθερᾷ αὐτῆς ποῦ ἐποίησεν, καὶ εἶπεν Τὸ ὄνομα τοῦ ἀνδρὸς μεθ’ οὗ ἐποίησα σήμερον Βόος.	dixitque ei socrus ubi hodie collegisti et ubi fecisti opus sit benedictus qui misertus est tui indicavitque ei apud quem esset operata et nomen dixit viri quod Booz vocaretur	Dixitque ei socrus sua: Ubi hodie collegisti, et ubi fecisti opus? sit benedictus qui misertus est tui. Indicavitque ei apud quem fuisset operata: et nomen dixit viri, quod Booz vocaretur.		And her mother in law said unto her, Where hast thou gleaned to day? and where wroughtest thou? blessed be he that did take knowledge of thee. And she shewed her mother in law with whom she had wrought, and said, The man's name with whom I wrought to day is Boaz.
Ruth	2	20	וַתֹּאמֶר נָעֳמִי לְכַלָּתָהּ בָּרוּךְ הוּא לַיהוָה אֲשֶׁר לֹא־עָזַב חַסְדּוֹ אֶת־הַחַיִּים וְאֶת־הַמֵּתִים וַתֹּאמֶר לָהּ נָעֳמִי קָרוֹב לָנוּ הָאִישׁ מִגֹּאֲלֵנוּ הוּא ׃	καὶ εἶπεν Νωεμεὶν τῇ νύμφη αὐτῆς Εὐλογητός ἐστιν τῷ κυρίῳ, ὅτι οὐκ ἐνκατέλιπεν τὸ ἕλεος αὐτοῦ μετὰ τῶν ζώντων καὶ μετὰ τῶν καὶ εἶπεν αὐτῇ Νωεμείν ᾿Εγγίζει ἡμῖν ὁ ἀνήρ, ἐκ τῶν ἡμᾶς ἐστιν.	cui respondit Noemi benedictus sit a Domino quoniam eandem gratiam quam praebuerat vivis servavit et mortuis rursumque propinquus ait noster est homo	Cui respondit Nomi: Benedictus sit a Domino: quoniam eamdem gratiam, quam prbuerat vivis, servavit et mortuis. Rursumque ait: Propinquus noster est homo.		And Naomi said unto her daughter in law, Blessed be he of the Lord, who hath not left off his kindness to the living and to the dead. And Naomi said unto her, The man is near of kin unto us, one of our next kinsmen.
Ruth	2	21	וַתֹּאמֶר רוּת הַמּוֹאֲבִיָּה גַּם כִּי־אָמַר אֵלַי עִם־הַנְּעָרִים אֲשֶׁר־לִי תִּדְבָּקִין עַד אִם־כִּלּוּ אֵת כָּל־הַקָּצִיר אֲשֶׁר־לִי ׃	καὶ εἶπεν ῾Ροὺθ πρὸς τὴν πενθερὰν αὐτῆς καἰ γε ὅτι εἶπεν πρὸς μέ Μετὰ τῶν παιδαρίων μου κολλήθητι ἕως ἂν τελέσωσιν ὅλον τὸν ἀμητὸν ὃς ὑπάρχει μοι.	et Ruth hoc quoque inquit praecepit mihi ut tamdiu messoribus eius iungerer donec omnes segetes meterentur	Et ait Ruth: Hoc quoque, inquit, prcepit mihi, ut tamdiu messoribus ejus jungerer, donec omnes segetes meterentur.		And Ruth the Moabitess said, He said unto me also, Thou shalt keep fast by my young men, until they have ended all my harvest.
Ruth	2	22	וַתֹּאמֶר נָעֳמִי אֶל־רוּת כַּלָּתָהּ טוֹב בִּתִּי כִּי תֵצְאִי עִם־נַעֲרוֹתָיו וְלֹא יִפְגְּעוּ־בָךְ בְּשָׂדֶה אַחֵר ׃	καὶ εἶπεν πρὸς ῾Ροὺθ τὴν νύμφην αὐτῆς ᾿Αγαθόν, θυγάτηρ, ὅτι ἑ μετά τῶν κορασίων αὐτοῦ, καὶ οὐκ ἀπαντήσονταί σοι ἐν ἀγρῷ ἑτέρῳ.	cui dixit socrus melius est filia mi ut cum puellis eius exeas ad metendum ne in alieno agro quispiam resistat tibi	Cui dixit socrus: Melius est, filia mea, ut cum puellis ejus exeas ad metendum, ne in alieno agro quispiam resistat tibi.		And Naomi said unto Ruth her daughter in law, It is good, my daughter, that thou go out with his maidens, that they meet thee not in any other field.
Ruth	2	23	וַתִּדְבַּק בְּנַעֲרוֹת בֹּעַז לְלַקֵּט עַד־כְּלוֹת קְצִיר־הַשְּׂעֹרִים וּקְצִיר הַחִטִּים וַתֵּשֶׁב אֶת־חֲמוֹתָהּ ׃	καὶ προσεκολλήθη ῾Ροὺθ τοῖς κορασίοις βοὸς συλλέγειν ἕως οὗ συνετέλεσεν τὸν θερισμὸν τῶν κριθῶν καὶ τῶν πυρῶν. * κοὶ ἐκάθισεν μετὰ τῆς πενθερᾶς αὐτῆς.	iuncta est itaque puellis Booz et tamdiu cum eis messuit donec hordea et triticum in horreis conderentur	Juncta est itaque puellis Booz: et tamdiu cum eis messuit, donec hordea et triticum in horreis conderentur.		So she kept fast by the maidens of Boaz to glean unto the end of barley harvest and of wheat harvest; and dwelt with her mother in law.
Ruth	3	1	וַתֹּאמֶר לָהּ נָעֳמִי חֲמוֹתָהּ בִּתִּי הֲלֹא אֲבַקֶּשׁ־לָךְ מָנוֹחַ אֲשֶׁר יִיטַב־לָךְ ׃	Ειπεν δὲ αὐτῇ Νωεμεὶν ἡ πενθερὰ αὐτῆς Θυγάτηρ, οὐ μὴ σοι ἀνάπαυσιν ἵνα εὖ γένηται σοι ;	postquam autem reversa est ad socrum suam audivit ab ea filia mi quaeram tibi requiem et providebo ut bene sit tibi	Postquam autem reversa est ad socrum suam, audivit ab ea: Filia mea, quram tibi requiem, et providebo ut bene sit tibi.		Then Naomi her mother in law said unto her, My daughter, shall I not seek rest for thee, that it may be well with thee?
Ruth	3	2	וְעַתָּה הֲלֹא בֹעַז מֹדַעְתָּנוּ אֲשֶׁר הָיִית אֶת־נַעֲרוֹתָיו הִנֵּה־הוּא זֹרֶה אֶת־גֹּרֶן הַשְּׂעֹרִים הַלָּיְלָה ׃	καὶ νῦν οὐχὶ Βόος γνώριμος ἡ οὗ ἦς μετὰ τῶν κορασίων αὐτοῦ ; ἰδοὺ αὐτὸς λικμᾷ τὸν ἅλωνα τῶν κριθῶν ταύτῃ τῇ νυκτί.	Booz iste cuius puellis in agro iuncta es propinquus est noster et hac nocte aream hordei ventilat	Booz iste, cujus puellis in agro juncta es, propinquus noster est, et hac nocte aream hordei ventilat.		And now is not Boaz of our kindred, with whose maidens thou wast? Behold, he winnoweth barley to night in the threshingfloor.
Ruth	3	3	וְרָחַצְתְּ וָסַכְתְּ וְשַׂמְתְּ שִׂמְלֹתִַךְ עָלַיִךְ וְיָרַדְתְּי הַגֹּרֶן אַל־תִּוָּדְעִי לָאִישׁ עַד כַּלֹּתוֹ לֶאֱכֹל וְלִשְׁתּוֹת ׃	σὺ δὲ λούσῃ καὶ ἀλείψῃ καὶ περιθησεις τὸν ἱματισμόν σου ἐπὶ σέ, καὶ ἀναβήσῃ ἐπὶ τὸν ἅλω· μὴ γνωρισθῇς τῷ ὶ ἕως οὗ συντελέσαι αὐτὸν πιεῖν καὶ φαγεῖν·	lava igitur et unguere et induere cultioribus vestimentis ac descende in aream non te videat homo donec esum potumque finierit	Lavare igitur, et ungere, et induere cultioribus vestimentis, et descende in aream: non te videat homo, donec esum potumque finierit.		Wash thyself therefore, and anoint thee, and put thy raiment upon thee, and get thee down to the floor: but make not thyself known unto the man, until he shall have done eating and drinking.
Ruth	3	4	וִיהִי בְשָׁכְבוֹ וְיָדַעַתְּ אֶת־הַמָּקוֹם אֲשֶׁר יִשְׁכַּב־שָׁם וּבָאת וְגִלִּית מַרְגְּלֹתָיו וְשָׁכָבְתִּי וְהוּא יַגִּיד לָךְ אֵת אֲשֶׁר תַּעֲשִׂין ׃	καὶ ἱστᾶι ἐν τὼ ι αὐτὸν καὶ γνώσῃ τὸν τόπον ὅπου κοιμᾶται ἐκεῖ, καὶ ἐλεύσῃ καὶ ἀποκαλύψεις τὰ πρὸς ποδῶν αὐτοῦ καὶ κοιμηθήσῃ, καὶ αὐτὸς ἀπαγγελεῖ σοι αἰ ποιήσεις.	quando autem ierit ad dormiendum nota locum in quo dormiat veniesque et discoperies pallium quo operitur a parte pedum et proicies te et ibi iacebis ipse autem dicet tibi quid agere debeas	Quando autem ierit ad dormiendum, nota locum in quo dormiat: veniesque et discooperies pallium, quo operitur a parte pedum, et projicies te, et ibi jacebis: ipse autem dicet quid agere debeas.		And it shall be, when he lieth down, that thou shalt mark the place where he shall lie, and thou shalt go in, and uncover his feet, and lay thee down; and he will tell thee what thou shalt do.
Ruth	3	5	וַתֹּאמֶר אֵלֶיהָ כֹּל אֲשֶׁר־תֹּאמְרִי ֵַ אֶעֱשֶׂה ׃	εἶπεν δὲ ῾Ροὺθ πρὸς αὐτήν αὐτήν Πάντα ἐὰν εἴπῃς ποιήσω.	quae respondit quicquid praeceperis faciam	Qu respondit: Quidquid prceperis, faciam.		And she said unto her, All that thou sayest unto me I will do.
Ruth	3	6	וַתֵּרֶד הַגֹּרֶן וַתַּעַשׂ כְּכֹל אֲשֶׁר־צִוַּתָּה חֲמוֹתָהּ ׃	καὶ κατέβη εἰς τὸν ἅλω, καὶ ἐποίησεν κατὰ πάντα ὅσα ἐνετείλατο αὐτῇ ἡ πενθερὰ αὐτῆς.	descenditque in aream et fecit omnia quae sibi imperaverat socrus	Descenditque in aream, et fecit omnia qu sibi imperaverat socrus.		And she went down unto the floor, and did according to all that her mother in law bade her.
Ruth	3	7	וַיֹּאכַל בֹּעַז וַיֵּשְׁתְּ וַיִּיטַב לִבּוֹ וַיָּבֹא לִשְׁכַּב בִּקְצֵה הָעֲרֵמָה וַתָּבֹא בַלָּט וַתְּגַל מַרְגְּלֹתָיו וַתִּשְׁכָּב ׃	καὶ ἔφαγεν Βόος καὶ ἠγαθύνθη ἡ καρδία αὐτοῦ, καὶ ἦλθεν κοιμηθῆναι ἐν μερίδι τῆς στοιβῆς· ἡ δὲ ἦλθεν κρυφῆ καὶ ἀπεκάλυψεν τὰ πρὸς ποδῶν αὐτοῦ.	cumque comedisset Booz et bibisset et factus esset hilarior issetque ad dormiendum iuxta acervum manipulorum venit abscondite et discoperto a pedibus eius pallio se proiecit	Cumque comedisset Booz, et bibisset, et factus esset hilarior, issetque ad dormiendum juxta acervum manipulorum, venit abscondite, et discooperto pallio, a pedibus ejus se projecit.		And when Boaz had eaten and drunk, and his heart was merry, he went to lie down at the end of the heap of corn: and she came softly, and uncovered his feet, and laid her down.
Ruth	3	8	וַיְהִי בַּחֲצִי הַלַּיְלָה וַיֶּחֱרַד הָאִישׁ וַיִּלָּפֵת וְהִנֵּה אִשָּׁה שֹׁכֶבֶת מַרְגְּלֹתָיו ׃	ἐγένετο δὲ ἐν τῷ μεσονυκτίῳ καὶ ἐξέστη ὁ ἀνὴρ καὶ ἐταράχθη, καὶ ἰδοὺ γυνὴ κοιμᾶται πρὸς ποδῶν αὐτοῦ.	et ecce nocte iam media expavit homo et conturbatus est viditque mulierem iacentem ad pedes suos	Et ecce, nocte jam media expavit homo, et conturbatus est: viditque mulierem jacentem ad pedes suos,		And it came to pass at midnight, that the man was afraid, and turned himself: and, behold, a woman lay at his feet.
Ruth	3	9	וַיֹּאמֶר מִי־אָתּ וַתֹּאמֶר אָנֹכִי רוּת אֲמָתֶךָ וּפָרַשְׂתָּ כְנָפֶךָ עַל־אֲמָתְךָ כִּי גֹאֵל אָתָּה ׃	εἰπεν δέ τίς εἰ σύ ; ἡ δὲ εἶπεν ᾿Εγώ εἰμι ῾Ρούθ ἡ δούλη σου, καὶ περιβαλεῖς τὸ πτερύγιόν σου ἐπὶ τὴν δούλην σου, ὅτι ἀγχιστεὺς εἶ σύ.	et ait illi quae es illaque respondit ego sum Ruth ancilla tua expande pallium tuum super famulam tuam quia propinquus es	et ait illi: Qu es? Illaque respondit: Ego sum Ruth ancilla tua: expande pallium tuum super famulam tuam, quia propinquus es.		And he said, Who art thou? And she answered, I am Ruth thine handmaid: spread therefore thy skirt over thine handmaid; for thou art a near kinsman.
Ruth	3	10	וַיֹּאמֶר בְּרוּכָה אַתְּ לַיהוָה בִּתִּי הֵיטַבְתְּ חַסְדֵּךְ הָאַחֲרוֹן מִן־הָרִאשׁוֹן לְבִלְתִּי־לֶכֶת אַחֲרֵי הַבַּחוּרִים אִם־דַּל וְאִם־עָשִׁיר ׃	καὶ εἶπεν Βόος Εὐλογημένη σὺ τῷ κυρίῳ θεῷ, θύγατερ, ὅτι ἠγάθυνας τὸ ἐλεός σου τὸ ἔσχατον ὑπὲρ τὸ πρῶτον τὸ μή πορευθῆναι νεανιῶν, εἴτοι πτωχὸς εἴτοι πλούσιος.	et ille benedicta inquit es Domino filia et priorem misericordiam posteriore superasti quia non es secuta iuvenes pauperes sive divites	Et ille: Benedicta, inquit, es a Domino, filia, et priorem misericordiam posteriore superasti: quia non est secuta juvenes, pauperes sive divites.		And he said, Blessed be thou of the Lord, my daughter: for thou hast shewed more kindness in the latter end than at the beginning, inasmuch as thou followedst not young men, whether poor or rich.
Ruth	3	11	וְעַתָּה בִּתִּי אַל־תִּירְאִי כֹּל אֲשֶׁר־תֹּאמְרִי אֶעֱשֶׂה־לָּךְ כִּי יוֹדֵעַ כָּל־שַׁעַר עַמִּי כִּי אֵשֶׁת חַיִל אָתְּ ׃	καὶ νῦν, θύγατερ, πάντα ὅσα ἐὰν εἴπῃς ποιήσω σοι· οἶδεν γὰρ πᾶσα φυλή λαοῦ μου ὅτι γυνὴ δυνάμεως εἰ σύ.	noli ergo metuere sed quicquid dixeris mihi faciam tibi scit enim omnis populus qui habitat intra portas urbis meae mulierem te esse virtutis	Noli ergo metuere, sed quidquid dixeris mihi, faciam tibi. Scit enim omnis populus, qui habitat intra portas urbis me, mulierem te esse virtutis.		And now, my daughter, fear not; I will do to thee all that thou requirest: for all the city of my people doth know that thou art a virtuous woman.
Ruth	3	12	וְעַתָּה כִּי אָמְנָם כִּי אִם גֹאֵל אָנֹכִי וְגַם יֵשׁ גֹּאֵל קָרוֹב מִמֶּנִּי ׃	καὶ ὅτι ἀληθῶς ἀγχιστεὺς ἐγώ εἰμι· καί γέ ἐστιν ἀγχιστεὺς ἐγγίων ὑπὲρ ἐμέ.	nec abnuo me propinquum sed est alius me propinquior	Nec abnuo me propinquum, sed est alius me propinquior.		And now it is true that I am thy near kinsman: howbeit there is a kinsman nearer than I.
Ruth	3	13	לִינִי הַלַּיְלָה וְהָיָה בַבֹּקֶר אִם־יִגְאָלֵךְ טוֹב יִגְאָל וְאִם־לֹא יַחְפֹּץ לְגָאֳלֵךְ וּגְאַלְתִּיךְ אָנֹכִי חַי־יְהוָה שִׁכְבִי עַד־הַבֹּקֶר ׃	αὐλίσθητι τὴν νύκτα, καὶ ὦσται τὸ πρωὶ ἐὰν ἀγχιστε΄πυσῃ σε, ἀγαθόν, ἀγχιστευέτω· ἐὰν δὲ μὴ βούληται ἀγχιστεῦσαί σε, ἀγχιστεύσω σε ἐγώ, ζῇ Κύριος, σὺ εἶ κύριος· κοιμήθητι ἕως πρωί.	quiesce hac nocte et facto mane si te voluerit propinquitatis iure retinere bene res acta est sin autem ille noluerit ego te absque ulla dubitatione suscipiam vivit Dominus dormi usque mane	Quiesce hac nocte: et facto mane, si te voluerit propinquitatis jure retinere, bene res acta est: sin autem ille noluerit, ego te absque ulla dubitatione suscipiam, vivit Dominus. Dormi usque mane.		Tarry this night, and it shall be in the morning, that if he will perform unto thee the part of a kinsman, well; let him do the kinsman's part: but if he will not do the part of a kinsman to thee, then will I do the part of a kinsman to thee, as the Lord liveth: lie down until the morning.
Ruth	3	14	וַתִּשְׁכַּב מַרְגְּלֹתָו עַד־הַבֹּקֶר וַתָּקָם בְּטֶרֶום יַכִּיר אִישׁ אֶת־רֵעֵהוּ וַיֹּאמֶר אַל־יִוָּדַע כִּי־בָאָה הָאִשָּׁה הַגֹּרֶן ׃	καὶ ἐκοιμήθη πρὸς ποδῶν αὐτοῦ ἕως πρωί· ἡ δὲ ἐνέστη πρὸ τοῦ ἐπιγνῶναι ἄνδρα τὸν πλησίον αὐτοῦ· καὶ εἶπεν Βόος Μὴ γνωσθήτω ὅτι ἦλθεν γυνή εἰς τὴν ἅλωνα.	dormivit itaque ad pedes eius usque ad noctis abscessum surrexitque antequam homines se cognoscerent mutuo et dixit Booz cave ne quis noverit quod huc veneris	Dormivit itaque ad pedes ejus, usque ad noctis abscessum. Surrexit itaque antequam homines se cognoscerent mutuo, et dixit Booz: Cave ne quis noverit quod huc veneris.		And she lay at his feet until the morning: and she rose up before one could know another. And he said, Let it not be known that a woman came into the floor.
Ruth	3	15	וַיֹּאמֶר הָבִי הַמִּטְפַּחַת אֲשֶׁר־עָלַיִךְ וְאֶחֳזִי־בָהּ וַתֹּאחֶז בָּהּ וַיָּמָד שֵׁשׁ־שְׂעֹרִים וַיָּשֶׁת עָלֶיהָ וַיָּבֹא הָעִיר ׃	καὶ εἶπεν αὐτῇ Φέρε τὸ περίζωμα τὸ ἐπάνω σου. καὶ ἐκρότησεν αὐτό, καὶ ἐμέτρησεν ἕξ κριθῶν καὶ ἐπέθηκεν ἐπ’ αὐτήν· καὶ εἰσῆλθεν εἰς τὴν πόλιν.	et rursum expande inquit palliolum tuum quo operiris et tene utraque manu qua extendente et tenente mensus est sex modios hordei et posuit super eam quae portans ingressa est civitatem	Et rursum: Expande, inquit, pallium tuum, quo operiris, et tene utraque manu. Qua extendente, et tenente, mensus est sex modios hordei, et posuit super eam. Qu portans ingressa est civitatem,		Also he said, Bring the vail that thou hast upon thee, and hold it. And when she held it, he measured six measures of barley, and laid it on her: and she went into the city.
Ruth	3	16	וַתָּבוֹא אֶל־חֲמוֹתָהּ וַתֹּאמֶר מִי־אַתְּ בִּתִּי וַתַּגֶּד־לָהּ אֵת כָּל־אֲשֶׁר עָשָׂה־לָהּ הָאִישׁ ׃	καὶ ῾Ροὺθ εἰσῆλθεν πρὸς τὴν πενθερὰν αὐτῆς· ἡ δὲ εἶπεν αὐτῇ Θύγατερ· καὶ εἶπεν αὐτὴ πάντα ὅσα ἐποίησεν αὐτῇ ὁ ἀνήρ.	et venit ad socrum suam quae dixit ei quid egisti filia narravitque ei omnia quae sibi fecisset homo	et venit ad socrum suam. Qu dixit ei: Quid egisti, filia? Narravitque ei omnia, qu sibi fecisset homo.		And when she came to her mother in law, she said, Who art thou, my daughter? And she told her all that the man had done to her.
Ruth	3	17	וַתֹּאמֶר שֵׁשׁ־הַשְּׂעֹרִים הָאֵלֶּה נָתַן לִי כִּי אָמַר ֵַ אַל־תָּבוֹאִי רֵיקָם אֶל־חֲמוֹתֵךְ ׃	καὶ εἶπεν οὐτῇ Τὰ ἕξ τῶν κριθῶν ταῦτα ἔδωκέν μοι, ὅτι εἶπεν πρὸς μέ Μὴ εἰσέλθῃς κενὴ πρὸς τὴν πενθεράν σου.	et ait ecce sex modios hordei dedit mihi et ait nolo vacuam te reverti ad socrum tuam	Et ait: Ecce sex modios hordei dedit mihi, et ait: Nolo vacuam te reverti ad socrum tuam.		And she said, These six measures of barley gave he me; for he said to me, Go not empty unto thy mother in law.
Ruth	3	18	וַתֹּאמֶר שְׁבִי בִתִּי עַד אֲשֶׁר תֵּדְעִין אֵיךְ יִפֹּל דָּבָר כִּי לֹא יִשְׁקֹט הָאִישׁ כִּי־אִם־כִּלָּה הַדָּבָר הַיּוֹם ׃	ἡ δὲ εἶπεν Κάθου, θύγατερ, ἕως τοῦ ἐπιγνῶναί σε πῶς οὐ πεσεῖται ῥῆμα· οὐ γὰρ μὴ ἡσυχάσῃ ὁ ἀνὴρ ἕως ἀν’ τελέσῃ τὸ ῥῆμα σήμερον.	dixitque Noemi expecta filia donec videamus quem res exitum habeat neque enim cessabit homo nisi conpleverit quod locutus est	Dixitque Nomi: Expecta, filia, donec videamus quem res exitum habeat: neque enim cessabit homo, nisi compleverit quod locutus est.		Then said she, Sit still, my daughter, until thou know how the matter will fall: for the man will not be in rest, until he have finished the thing this day.
Ruth	4	1	וּבֹעַז עָלָה הַשַּׁעַר וַיֵּשֶׁב שָׁם וְהִנֵּה הַגֹּאֵל עֹבֵר אֲשֶׁר דִּבֶּר־בֹּעַז וַיֹּאמֶר סוּרָה שְׁבָה־פֹּה פְּלֹנִי אַלְמֹנִי וַיָּסַר וַיֵּשֵׁב ׃	Καὶ Βόος ἀνέβη ἐπὶ τὴν πύλην καὶ ἐκάθισεν ἐκεῖ, καὶ ἰδοὺ ὁ ἀγχιστευτὴς παρεπορεύετο ὅν εἶπεν Βόος. καὶ εἶπεν πρὸς αὐτὸν Βόος ᾿Εκκλίνας κάθισον ὧδε, κρύφιε· κοὶ ἐξέκλινεν καὶ ἐκάθισεν.	ascendit ergo Booz ad portam et sedit ibi cumque vidisset propinquum praeterire de quo prius sermo habitus est dixit ad eum declina paulisper et sede hic vocans eum nomine suo qui devertit et sedit	Ascendit ergo Booz ad portam, et sedit ibi. Cumque vidisset propinquum prterire, de quo prius sermo habitus est, dixit ad eum: Declina paulisper, et sede hic: vocans eum nomine suo. Qui divertit, et sedit.		Then went Boaz up to the gate, and sat him down there: and, behold, the kinsman of whom Boaz spake came by; unto whom he said, Ho, such a one! turn aside, sit down here. And he turned aside, and sat down.
Ruth	4	2	וַיִּקַּח עֲשָׂרָה אֲנָשִׁים מִזִּקְנֵי הָעִיר וַיֹּאמֶר שְׁבוּ־פֹה וַיֵּשֵׁבוּ ׃	καὶ ἔλαβεν Βόος δέκα ἄνδρας ἀπὸ τῶν πρεσβυτέρων τῆς πόλεως καὶ εἶπεν Καθίσατε ὧδε· καὶ ἐκάθισαν.	tollens autem Booz decem viros de senioribus civitatis dixit ad eos sedete hic	Tollens autem Booz decem viros de senioribus civitatis, dixit ad eos: Sedete hic.		And he took ten men of the elders of the city, and said, Sit ye down here. And they sat down.
Ruth	4	3	וַיֹּאמֶר לַגֹּאֵל חֶלְקַת הַשָּׂדֶה אֲשֶׁר לְאָחִינוּ לֶאֱלִימֶלֶךְ מָכְרָה נָעֳמִי הַשָּׁבָה מִשְּׂדֵה מוֹאָב ׃	καὶ εἶπεν Βόοε τῶ τὴν μερίδα τοῦ ἀγροῦ ἥ ἐστιν τοῦ ἀδελφοῦ ἡμῶν τοῦ ἣ δέδοται Νωεμεὶν τῇ ἐπιστρεφούσῃ ἐξ ἀγροῦ Μωάβ,	quibus residentibus locutus est ad propinquum partem agri fratris nostri Helimelech vendit Noemi quae reversa est de regione moabitide	Quibus sedentibus, locutus est ad propinquum: Partem agri fratris nostri Elimelech vendet Nomi, qu reversa est de regione Moabitide:		And he said unto the kinsman, Naomi, that is come again out of the country of Moab, selleth a parcel of land, which was our brother Elimelech's:
Ruth	4	4	וַאֲנִי אָמַרְתִּי אֶגְלֶה אָזְנְךָ לֵאמֹר קְנֵה נֶגֶד הַיֹּשְׁבִים וְנֶגֶד זִקְנֵי עַמִּי אִם־תִּגְאַל גְּאָל וְאִם־לֹא יִגְאַל הַגִּידָה לִּי וְאֵדַע כִּי אֵין זוּלָתְךָ לִגְאוֹל וְאָנֹכִי אַחֲרֶיךָ וַיֹּאמֶר אָנֹכִי אֶגְאָל ׃	κἀγὼ εἶπα ᾿Αποκαλύψω τὸ οὖς σου λέγων κτῆσαι ἐναντίον τῶν καθημένων καὶ ἐναντίον τῶν πρεσβυτέρων τοῦ λαοῦ μου· εἰ ἀγχιστεύεις, ἀγχίστευε· εἰ δὲ μὴ ἀγχιστεύεις, ἀνάγγειλόν μοι, καὶ γνώσομαι ὅτι οὐκ ἔστιν παρὲξ σοῦ τοῦ ἀγχιστεῦσαι, κἀγώ εἰμι μετὰ σε. ὁ δὲ εἶπεν ᾿Εγώ εἰμι ἀγχιστεύσω.	quod audire te volui et tibi dicere coram cunctis sedentibus et maioribus natu de populo meo si vis possidere iure propinquitatis eme et posside sin autem tibi displicet hoc ipsum indica mihi ut sciam quid facere debeam nullus est enim propinquus excepto te qui prior es et me qui secundus sum at ille respondit ego agrum emam	quod audire te volui, et tibi dicere coram cunctis sedentibus, et majoribus natu de populo meo. Si vis possidere jure propinquitatis, eme, et posside: sin autem displicet tibi, hoc ipsum indica mihi, ut sciam quid facere debeam: nullus enim est propinquus, excepto te, qui prior es, et me, qui secundus sum. At ille respondit: Ego agrum emam.		And I thought to advertise thee, saying, Buy it before the inhabitants, and before the elders of my people. If thou wilt redeem it, redeem it: but if thou wilt not redeem it, then tell me, that I may know: for there is none to redeem it beside thee; and I am after thee. And he said, I will redeem it.
Ruth	4	5	וַיֹּאמֶר בֹּעַז בְּיוֹם־קְנוֹתְךָ הַשָּׂדֶה מִיַּד נָעֳמִי וּמֵאֵת רוּת הַמּוֹאֲבִיָּה אֵשֶׁת־הַמֵּת קָנִיתִי לְהָקִים שֵׁם־הַמֵּת עַל־נַחֲלָתוֹ ׃	καὶ εἶπεν Βόος Ἐν ἡμέρᾳ τοῦ κτήσασθαί σε τὸν ἀγρὸν ἐκ χειρὸς Νωεμεὶν καὶ παρὰ ῾Ροὺθ τῆς Μωαβείτιδος γυναικὸς τοῦ τεθνηκότος, καὶ αὐτὴν κτήσασθαί σε δεῖ, ὥστε τὸ ὄνομα τοῦ τεθνηκότος ἐπὶ τῆς κληρονομίας αὐτοῦ.	cui dixit Booz quando emeris agrum de manu mulieris Ruth quoque Moabitidem quae uxor defuncti fuit debes accipere ut suscites nomen propinqui tui in hereditate sua	Cui dixit Booz: Quando emeris agrum de manu mulieris, Ruth quoque Moabitidem, qu uxor defuncti fuit, debes accipere: ut suscites nomen propinqui tui in hreditate sua.		Then said Boaz, What day thou buyest the field of the hand of Naomi, thou must buy it also of Ruth the Moabitess, the wife of the dead, to raise up the name of the dead upon his inheritance.
Ruth	4	6	וַיֹּאמֶר הַגֹּאֵל לֹא אוּכַל לִגְאָול־לִי פֶּן־אַשְׁחִית אֶת־נַחֲלָתִי גְּאַל־לְךָ אַתָּה אֶת־גְּאֻלָּתִי כִּי לֹא־אוּכַל לִגְאֹל ׃	καὶ εἶπεν ὁ ἀγχιστεύς Οὐ δυνήσομαι ἀγχιστεῦσαι ἐμαυτῷ, μή ποτε διαφείρω τὴν κληρονομίαν μου· ἀγχίστευσον σεαυτῷ τὴν ἀχγιστείαν μου, ὅτι οὐ δυνήσομαι ἀγχιστεῦσαι.	qui respondit cedo iure propinquitatis neque enim posteritatem familiae meae delere debeo tu meo utere privilegio quo me libenter carere profiteor	Qui respondit: Cedo juri propinquitatis: neque enim posteritatem famili me delere debeo: tu meo utere privilegio, quo me libenter carere profiteor.		And the kinsman said, I cannot redeem it for myself, lest I mar mine own inheritance: redeem thou my right to thyself; for I cannot redeem it.
Ruth	4	7	וְזֹאת לְפָנִים בְּיִשְׂרָאֵל עַל־הַגְּאוּלָּה וְעַל־הַתְּמוּרָה לְקַיֵּם כָּל־דָּבָר שָׁלַף אִישׁ נַעֲלוֹ וְנָתַן לְרֵעֵהוּ וְזֹאת הַתְּעוּדָה בְּיִשְׂרָאֵל ׃	καὶ τοῦτο τὸ δικαίωμα ἔμπροσθεν ἐν τῷ Ἰσραὴλ ἐπὶ τὴν ἀγχιστείαν καὶ ἐπὶ τὸ ἀντάλλαγμα, τοῦ στῆσαι πάντα λόγον· καὶ ὑπελύετο ὁ ἀνὴρ τὸ ὑπόδημα αὐτοῦ καὶ ἐδίδου τῷ πλησίον αὐτοῦ τῷ ἀγχιστεύοντι τὴν ἀγχιστείαν αὐτοῦ· κοὶ τοῦτο ἦν μαρτύριον ἐν ᾿Ισραήλ.	hic autem erat mos antiquitus in Israhel inter propinquos et si quando alter alteri suo iure cedebat ut esset firma concessio solvebat homo calciamentum suum et dabat proximo suo hoc erat testimonium cessionis in Israhel	Hic autem erat mos antiquitus in Isral inter propinquos, ut siquando alter alteri suo juri cedebat, ut esset firma concessio, solvebat homo calceamentum suum, et dabat proximo suo: hoc erat testmonium cessionis in Isral.		Now this was the manner in former time in Israel concerning redeeming and concerning changing, for to confirm all things; a man plucked off his shoe, and gave it to his neighbour: and this was a testimony in Israel.
Ruth	4	8	וַיֹּאמֶר הַגֹּאֵל לְבֹעַז קְנֵה־לָךְ וַיִּשְׁלֹף נַעֲלוֹ ׃	καὶ εἶπεν ὁ ἀγχιστεὺς τῷ Βόος Κτῆσαι σεαυτῷ τὴν ἀγχιστείαν μου· καὶ ὑπελύσατο τὸ ὑπόδημα αὐτοῦ κοὶ ἔδωκεν αὐτῷ.	dixit ergo propinquus Booz tolle calciamentum quod statim solvit de pede suo	Dixit ergo propinquo suo Booz: Tolle calceamentum tuum. Quod statim solvit de pede suo.		Therefore the kinsman said unto Boaz, Buy it for thee. So he drew off his shoe.
Ruth	4	9	וַיֹּאמֶר בֹּעַז לַזְּקֵנִים וְכָל־הָעָם עֵדִים אַתֶּם הַיּוֹם כִּי קָנִיתִי אֶת־כָּל־אֲשֶׁר לֶאֱלִימֶלֶךְ וְאֵת כָּל־אֲשֶׁר לְכִלְיוֹן וּמַחְלוֹן מִיַּד נָעֳמִי ׃	Καὶ εἶπεν Βόος τοῖς πρεσβυτέροις καὶ παντὶ τῷ λαῷ Μάρτυρρς ὑμεῖς σήμερον ὅτι κέκτημαι πάντα τὰ τοῦ ᾿Αβειμέλεχ καὶ πάντα ὅσα ὑπάρχει τῷ Χελαιὼν καὶ τῷ Μααλὼν ἐκ ωεμείν·	at ille maioribus natu et universo populo testes inquit vos estis hodie quod possederim omnia quae fuerunt Helimelech et Chellion et Maalon tradente Noemi	At ille majoribus natu, et universo populo: Testes vos, inquit, estis hodie, quod possederim omnis qu fuerunt Elimelech, et Chelion, et Mahalon, tradente Nomi;		And Boaz said unto the elders, and unto all the people, Ye are witnesses this day, that I have bought all that was Elimelech's, and all that was Chilion's and Mahlon's, of the hand of Naomi.
Ruth	4	10	וְגַם אֶת־רוּת הַמֹּאֲבִיָּה אֵשֶׁת מַחְלוֹן קָנִיתִי לִי לְאִשָּׁה לְהָקִים שֵׁם־הַמֵּת עַל־נַחֲלָתוֹ וְלֹא־יִכָּרֵת שֵׁם־הַמֵּת מֵעִם אֶחָיו וּמִשַּׁעַר מְקוֹמוֹ עֵדִים אַתֶּם הַיּוֹם ׃	καί γε ῾Ροὐθ τὴν Μωαβεῖτιν τὴν γυναῖκα Μααλὼν αὐτῷ εἰς γυναῖκα τοῦ ἀναστῆσαι τὸ ὄνομα τοῦ τεθνηκότος ἐπὶ τῆς κληρονομίας αὐτοῦ, καὶ οὐκ ἐξολεθρευθήσεται τὸ ὄνομα τοῦ τεθνηκότος ἐκ τῶν ἀδελφῶν αὐτοῦ καὶ ἐκ τῆς φυλῆς λαοῦ αὐτοῦ. μάρτυρες ὑμεῖς σήμερον.	et Ruth Moabitidem uxorem Maalon in coniugium sumpserim ut suscitem nomen defuncti in hereditate sua ne vocabulum eius de familia sua ac fratribus et populo deleatur vos inquam huius rei testes estis	et Ruth Moabitidem, uxorem Mahalon, in conjugium sumpserim, ut suscitem nomen defuncti in hreditate sua, ne vocabulum ejus de familia sua ac fratribus et populo deleatur. Vos, inquam, hujus rei testes estis.		Moreover Ruth the Moabitess, the wife of Mahlon, have I purchased to be my wife, to raise up the name of the dead upon his inheritance, that the name of the dead be not cut off from among his brethren, and from the gate of his place: ye are witnesses this day.
Ruth	4	11	וַיֹּאמְרוּ כָּל־הָעָם אֲשֶׁר־בַּשַּׁעַר וְהַזְּקֵנִים עֵדִים יִתֵּן יְהוָה אֶת־הָאִשָּׁה הַבָּאָה אֶל־בֵּיתֶךָ כְּרָחֵל וּכְלֵאָה אֲשֶׁר בָּנוּ שְׁתֵּיהֶם אֶת־בֵּית יִשְׂרָאֵל וַעֲשֵׂה־חַיִל בְּאֶפְרָתָה וּקְרָא־שֵׁם בְּבֵית לָחֶם ׃	καὶ εἴποσαν πᾶς ὁ λαὸς οἱ ἐν τῇ πύλῃ Μάρτθρες. καὶ οἱ πρεσβύτεροι εἴποσαν Δῴη κύριος τὴν γυναῖκά σου τήν εἰσπορευομένην εἰς τὸν οἶκόν σου ὡς ῾Ραχὴλ καὶ ὡς λείαν, αἳ ᾠκοδόμησαν ἀμφότεραι τὸν οἶκον τοῦ ᾿Ισραὴλ καὶ ἐποίησαν δύναμιν ἐν Ἐφράθα· καὶ ἔσται ὄνομα ἐν Βαιθλέεμ.	respondit omnis populus qui erat in porta et maiores natu nos testes sumus faciat Dominus hanc mulierem quae ingreditur domum tuam sicut Rachel et Liam quae aedificaverunt domum Israhel ut sit exemplum virtutis in Ephrata et habeat celebre nomen in Bethleem	Respondit omnis populus, qui erat in porta, et majores natu: Nos testes sumus: faciat Dominus hanc mulierem, qu ingreditur domum tuam, sicut Rachel et Liam, qu dificaverunt domum Isral: ut sit exemplum virtutis in Ephratha, et habeat celebre nomen in Bethlehem:		And all the people that were in the gate, and the elders, said, We are witnesses. The Lord make the woman that is come into thine house like Rachel and like Leah, which two did build the house of Israel: and do thou worthily in Ephratah, and be famous in Bethlehem:
Ruth	4	12	וִיהִי בֵיתְךָ כְּבֵית פֶּרֶץ אֲשֶׁר־יָלְדָה תָמָר לִיהוּדָה מִן־הַזֶּרַע אֲשֶׁר יִתֵּן יְהוָה לְךָ מִן־הַנַּעֲרָה הַזֹּאת ׃	καὶ γένοιτο ὁ οἰκός σου ὡς ὁ οἶκος Φάρες, ὃν ἔτεκεν Θαμὰρ τῷ ᾿Ιούδᾳ, ἐκ τοῦ σπέρματος οὗ δώσει Κύριός σοι ἐκ τῆς παιδίσκης ταύτης.	fiatque domus tua sicut domus Phares quem Thamar peperit Iudae de semine quod dederit Dominus tibi ex hac puella	fiatque domus tua sicut domus Phares, quem Thamar peperit Jud, de semine quod tibi dederit Dominus ex hac puella.		And let thy house be like the house of Pharez, whom Tamar bare unto Judah, of the seed which the Lord shall give thee of this young woman.
Ruth	4	13	וַיִּקַּח בֹּעַז אֶת־רוּת וַתְּהִי־לוֹ לְאִשָּׁה וַיָּבֹא אֵלֶיהָ וַיִּתֵּן יְהוָה לָהּ הֵרָיוֹן וַתֵּלֶד בֵּן ׃	Καὶ ἔλαβεν Βόος τὴν ῾Ρούθ, καὶ ἔδωκεν αὐτὴ Κύριος κύησιν, κα ἔτεκεν υἱόν.	tulit itaque Booz Ruth et accepit uxorem ingressusque est ad eam et dedit illi Dominus ut conciperet et pareret filium	Tulit itaque Booz Ruth, et accepit uxorem: ingressusque est ad eam, et dedit illi Dominus ut conciperet, et pareret filium.		So Boaz took Ruth, and she was his wife: and when he went in unto her, the Lord gave her conception, and she bare a son.
Ruth	4	14	וַתֹּאמַרְנָה הַנָּשִׁים אֶל־נָעֳמִי בָּרוּךְ יְהוָה אֲשֶׁר לֹא הִשְׁבִּית לָךְ גֹּאֵל הַיּוֹם וְיִקָּרֵא שְׁמוֹ בְּיִשְׂרָאֵל ׃	καὶ εἶπαν αἱ γυναῖκες πρὸς Νωεμείν Εὐλογητὸς κύριος ὅς οὐ κατέλυσέ σοι σήμερον τὸν ἀγχιστέα, καὶ καλέσαι τὸ ὄνομάσου ἐν ᾿Ισραήλ·	dixeruntque mulieres ad Noemi benedictus Dominus qui non est passus ut deficeret successor familiae tuae et vocaretur nomen eius in Israhel	Dixeruntque mulieres ad Nomi: Benedictus Dominus, qui non est passus ut deficeret successor famili tu, et vocaretur nomen ejus in Isral:		And the women said unto Naomi, Blessed be the Lord, which hath not left thee this day without a kinsman, that his name may be famous in Israel.
Ruth	4	15	וְהָיָה לָךְ לְמֵשִׁיב נֶפֶשׁ וּלְכַלְכֵּל אֶת־שֵׂיבָתֵךְ כִּי כַלָּתֵךְ אֲשֶׁר־אֲהֵבַתֶךְ יְלָדַתּוּ אֲשֶׁר־הִיא טוֹבָה לָךְ מִשִּׁבְעָה בָּנִים ׃	καὶ ἱστᾶι σοι εἰς ἐπιστρέφοντα ψυχὴν καὶ τοῦ διαθρέψαι τὴν πολιάν σου, ὅτι ἡ νύμφη ἡ ἀγαπήσασά σε ἔτεκεν αὐτὸν, ἥ ἐστιν ἀγαθή σοι ὑπὲρ ἑπτὰ υἱούς.	et habeas qui consoletur animam tuam et enutriat senectutem de nuru enim tua natus est quae te diligit et multo tibi est melior quam si septem haberes filios	et habeas qui consoletur animam tuam, et enutriat senectutem: de nuru enim tua natus est, qu te diligit, et multo tibi melior est, quam si septem haberes filios.		And he shall be unto thee a restorer of thy life, and a nourisher of thine old age: for thy daughter in law, which loveth thee, which is better to thee than seven sons, hath born him.
Ruth	4	16	וַתִּקַּח נָעֳמִי אֶת־הַיֶּלֶד וַתְּשִׁתֵהוּ בְחֵיקָהּ וַתְּהִי־לוֹ לְאֹמֶנֶת ׃	καὶ ἔλαβεν Νωεμεὶν τὸ παιδίον καὶ ἔθηκεν εἰς τὸν κόλπον αὐτῆς, καὶ ἐγενήθη αὐτῷ εἰς τιθηνόν.	susceptumque Noemi puerum posuit in sinu suo et nutricis ac gerulae officio fungebatur	Susceptumque Nomi puerum posuit in sinu suo, et nutricis ac gerul fungebatur officio.		And Naomi took the child, and laid it in her bosom, and became nurse unto it.
Ruth	4	17	וַתִּקְרֶאנָה לוֹ הַשְּׁכֵנוֹת שֵׁם לֵאמֹר יֻלַּד־בֵּן לְנָעֳמִי וַתִּקְרֶאנָה שְׁמוֹ עוֹבֵד הוּא אֲבִי־יִשַׁי אֲבִי דָוִד ׃ פ	καὶ ἐκάλεσαν αὐτοῦ αἱ γείτονες ὄνομα λέγουσαι ᾿Ετέχθη υἱὸς τῆ Νωεμείν, καὶ ἐκάλεσαν τὸ ὄνομα αὐτοῦ Ὤβήδ· οὗτος πατὴρ ᾿Ιεσσαὶ πατρὸς Δαυείδ.	vicinae autem mulieres congratulantes ei et dicentes natus est filius Noemi vocaverunt nomen eius Obed hic est pater Isai patris David	Vicin autem mulieris congratulantes ei, et dicentes: Natus est filius Nomi: vocaverunt nomen ejus Obed: hic est pater Isai, patris David.		And the women her neighbours gave it a name, saying, There is a son born to Naomi; and they called his name Obed: he is the father of Jesse, the father of David.
Ruth	4	18	וְאֵלֶּה תּוֹלְדוֹת פָּרֶץ פֶּרֶץ הוֹלִיד אֶת־חֶצְרוֹן ׃	Καὶ αὗται αἱ γενέσεις Φάρες· Φάρες ἐγέννησεν τὸν ῾Εσρών,	hae sunt generationes Phares Phares genuit Esrom	H sunt generationes Phares: Phares genuit Esron,		Now these are the generations of Pharez: Pharez begat Hezron,
Ruth	4	19	וְחֶצְרוֹן הוֹלִיד אֶת־רָם וְרָם הוֹלִיד אֶת־עַמִּינָדָב ׃	῾Εσρὼν δὲ ἐγέννησεν τὸν ᾿Αρράν, καὶ ᾿Αρρὰν ἐγέννησεν τὸν ᾿Αμειναδάβ,	Esrom genuit Aram Aram genuit Aminadab	Esron genuit Aram, Aram genuit Aminadab,		And Hezron begat Ram, and Ram begat Amminadab,
Ruth	4	20	וְעַמִּינָדָב הוֹלִיד אֶת־נַחְשׁוֹן וְנַחְשׁוֹן הוֹלִיד אֶת־שַׂלְמָה ׃	καὶ ᾿Αμειναδὰβ ἐγέννησεν τὸν Ναασσών, καὶ Ναασσὼν ἐγέννησεν τὸν Σαλμάν,	Aminadab genuit Naasson Naasson genuit Salma	Aminadab genuit Nahasson, Nahasson genuit Salmon,		And Amminadab begat Nahshon, and Nahshon begat Salmon,
Ruth	4	21	וְשַׂלְמוֹן הוֹלִיד אֶת־בֹּעַז וּבֹעַז הוֹלִיד אֶת־עוֹבֵד ׃	καὶ Σαλμὰν ἐγέννησεν τὸν Βόος, καὶ βοὸς ἐγέννησεν τὸν ᾿Ωβήδ,	Salma genuit Booz Booz genuit Obed	Salmon genuit Booz, Booz genuit Obed,		And Salmon begat Boaz, and Boaz begat Obed,
Ruth	4	22	וְעֹבֵד הוֹלִיד אֶת־יִשָׁי וְיִשַׁי הוֹלִיד אֶת־דָּוִד ׃	καὶ Ὀβὴδ ἐγέννησεν τὸν ᾿Ιεσσαί, καὶ ᾿Ιεσσαὶ		Obed genuit Isai, Isai genuit David.		And Obed begat Jesse, and Jesse begat David.
